1,Bender,Brice,Male,253 Shady Prairie Shore             
1,Blackwell,Lewis,Male,928 Heather Gate Oval               
1,Bowen,Raven,Female,476 Jagged Fillmore                 
1,Briggs,Natalie,Female,218 Hidden Sky Curve                
1,Briggs,Nathan,Male,218 Hidden Sky Curve                
1,Buck,Kierra,Female,913 Easy Island Valley              
1,Cannon,Kiley,Female,359 Umber Bridge                    
1,Carson,Alonso,Male,P.O. Box 64019                      
1,Carter,Brenden,Male,894 Green Fort Bay                  
1,Dennis,Isabela,Female,579 Colonial Dale Viaduct           
1,Diaz,Ruben,Male,84 Grand Park                       
1,Donaldson,Sharon,Female,433 Washington Arbor                
1,Erickson,Martin,Male,32 Velvet Pass                      
1,Farrell,Maggie,Female,663 Cotton Causeway                 
1,Fletcher,Karley,Female,855 Pleasant Quail Causeway         
1,Gardner,Lexie,Female,89 NW Gate                          
1,Gardner,Luthor,Male,89 NW Gate                          
1,Gardner,Mark,Male,89 NW Gate                          
1,Gentry,Jessie,Female,P.O. Box 67689                      
1,Gonzales,Emery,Male,52 S Run                            
1,Haynes,Dakota,Female,963 Main Key                        
1,Hooper,Roselyn,Female,742 Lake Hollow                     
1,Howard,Andre,Male,495 Deer Plaza                      
1,Ingram,Elise,Female,788 Crystal Grove Ledge             
1,Irwin,Jacoby,Male,499 Heather Embers Narrow           
1,Jacobson,Cassie,Female,52 Cotton Wintergreen Mill          
1,Jensen,Jayvon,Male,324 Pleasant Timber Approach        
1,Joyce,Jair,Male,P.O. Box 31150                      
1,Koch,Laylah,Female,892 Cozy Brook                      
1,Larsen,Corbin,Male,82 Treasure Village                 
1,Marshall,Ismael,Male,796 Golden Glade                    
1,Mccarthy,Phoenix,Female,466 E Brook                         
1,Mcintosh,Helen,Female,422 Rabbit Inlet                    
1,Mcintosh,Jazlene,Female,422 Rabbit Inlet                    
1,Mckee,Madalynn,Female,385 N Fawn Glen                     
1,Nguyen,Tatum,Female,360 First Track                     
1,Nolan,Sidney,Male,P.O. Box 30456                      
1,Norris,Devin,Male,P.O. Box 28227                      
1,Park,Cameron,Female,263 Silver Way                      
1,Patton,Noel,Male,571 Red Crossing                    
1,Prince,Alani,Female,352 Island Harbor                   
1,Proctor,Karina,Female,704 N Fox                           
1,Rangel,Joseph,Male,P.O. Box 43054                      
1,Reyes,Neveah,Female,867 Stony Creek                     
1,Rice,Agustin,Male,330 Gentle Chase                    
1,Robinson,Jax,Male,P.O. Box 96894                      
1,Russell,Charlize,Female,253 Middle Street                   
1,Sanders,Dayana,Female,842 Quaking Rise Point              
1,Schultz,Brett,Male,235 Wishing Fork Arcade             
1,Simmons,Brent,Male,514 Green Lake Terrace              
1,Simmons,Paulo,Male,514 Green Lake Terrace              
1,Stout,Felix,Male,481 Little Parade                   
1,Wells,Hana,Female,701 Lost Blossom                    
1,Woods,Glenn,Male,359 Quaking Pine                    
1,Woods,Robert,Male,359 Quaking Pine                    
1,Wyatt,Kymani,Male,189 S Pioneer Highlands             
1,Zuniga,Cody,Male,365 Cotton Branch                   
2,Aguirre,Marquis,Male,857 Crystal Berry                   
2,Allison,Melina,Female,778 Merry View Expressway           
2,Austin,Junior,Male,P.O. Box 82644                      
2,Ballard,Valentino,Male,61 Stream Pathway                   
2,Bell,Joy,Female,34 W Hill                           
2,Benitez,Nina,Female,P.O. Box 19639                      
2,Benson,Raul,Male,P.O. Box 17816                      
2,Bolton,Micheal,Male,445 Merry Falls                     
2,Booker,Jaylan,Male,504 S Blossom Shore                 
2,Brandt,Uriah,Male,875 E Treasure                      
2,Brewer,Meadow,Female,836 Shady Branch                    
2,Burton,David,Male,148 Sleepy Bear Station             
2,Campbell,Emily,Female,125 Gentle Run                      
2,Campbell,Felicity,Female,125 Gentle Run                      
2,Campbell,Nathaniel,Male,125 Gentle Run                      
2,Carroll,Hadassah,Female,274 Goose Stravenue                 
2,Castro,Gia,Female,601 Rustic Meadow                   
2,Coffey,Corey,Male,598 Colonial Sixth Approach         
2,Cohen,Amanda,Female,221 W Rapid Junction                
2,Cohen,Nick,Male,221 W Rapid Junction                
2,Cooke,Paola,Female,892 Fort Radial                     
2,Crane,Chelsea,Female,969 Broad Trafficway                
2,Downs,Savanah,Female,666 Gentle Cider                    
2,Esparza,Tamia,Female,P.O. Box 39984                      
2,Ewing,Chanel,Female,823 Dewy Annex                      
2,Foley,Gabriela,Female,881 Burning Avenue                  
2,Frederick,Dalia,Female,749 Hidden Dale                     
2,Fry,Bridget,Female,712 High Smith Narrow               
2,Glass,Mariela,Female,269 Circle Gardens                  
2,Glass,Thomas,Male,269 Circle Gardens                  
2,Gray,Yadiel,Male,192 Middle Promenade                
2,Greene,Asher,Male,790 Wishing Avenue                  
2,Hammond,Quinn,Female,P.O. Box 68365                      
2,Hartman,Tina,Female,166 Dusty Arcade                    
2,Hartman,Tony,Male,166 Dusty Arcade                    
2,Hayden,Journey,Female,P.O. Box 25806                      
2,Hopkins,Braelyn,Female,P.O. Box 68287                      
2,Howe,George,Male,418 Blue Path                       
2,Huffman,Aaden,Male,621 Crystal Wintergreen             
2,Huffman,Rose ,Female,621 Crystal Wintergreen             
2,Johnson,Madilynn,Female,575 Red Course Extension            
2,Kaufman,Bailey,Male,218 Quaking Light Approach          
2,Kidd,Julianne,Female,126 Summit Narrow                   
2,Kramer,Alijah,Male,976 Colonial Deer Ledge             
2,Little,Jaquan,Male,58 Quaking Treasure                 
2,Mcclure,Eliezer,Male,721 W Eighth                        
2,Montoya,Kasey,Male,91 Bright Row                       
2,Moreno,Ariella,Female,385 Heather Throughway              
2,Norton,Amber,Female,690 Dewy Divide                     
2,Oconnell,Milagros,Female,959 Velvet Key                      
2,Padilla,Catherine,Female,304 Hidden Center                   
2,Peters,Alec,Male,P.O. Box 60721                      
2,Pope,Hannah,Female,P.O. Box 46198                      
2,Reeves,Delaney,Female,880 Sunny Lake Extension            
2,Roy,Kael,Male,853 Brook Canyon                    
2,Ruiz,Jamie,Male,1 Hidden Shadow                     
2,Schneider,Parker,Female,705 Thunder Essex                   
2,Sosa,Finn,Male,P.O. Box 50228                      
2,Stephenson,Reece,Male,163 Indian Trail                    
2,Todd,Marlon,Male,P.O. Box 96956                      
2,Vance,Bryant,Male,710 Green Mall Woods                
2,Washington,Samuel,Male,3 Cedar Nook                        
2,Waters,Ulises,Male,103 Old Grove                       
2,Webb,Diamond,Female,507 Jagged Plain                    
2,Webb,Kayla,Female,507 Jagged Plain                    
2,Wright,Melody,Female,919 Cider Narrow                    
3,Avila,Helen,Female,774 N Lock                          
3,Avila,Rufus,Male,774 N Lock                          
3,Avila,Shandra,Female,774 N Lock                          
3,Barajas,Beckett,Male,P.O. Box 41803                      
3,Barker,Viviana,Female,890 Hidden Avenue                   
3,Barnett,Marina,Female,580 Common Trafficway               
3,Beck,Linda,Female,738 N Squaw Way                     
3,Beck,Wade,Male,738 N Squaw Way                     
3,Blackburn,Karen,Female,210 Merry Turnpike                  
3,Blackburn,Steven,Male,210 Merry Turnpike                  
3,Bradshaw,Sloane,Female,541 Red Dell                        
3,Carrillo,Tyrone,Male,336 Misty Main                      
3,Dominguez,Gabrielle,Female,989 Quaking Lagoon Gardens          
3,Dougherty,Paityn,Female,635 Umber Beacon Square             
3,Fields,Allie,Female,P.O. Box 66493                      
3,Fisher,Giselle,Female,19 Red Swale                        
3,Fitzpatrick,Burt,Male,797 Tawny Ninth                     
3,Fitzpatrick,Jenny,Female,797 Tawny Ninth                     
3,Fitzpatrick,Tricia,Female,797 Tawny Ninth                     
3,Fleming,Briley,Female,404 First Union                     
3,Ford,Carson,Male,359 Bright Anchor Point             
3,Fox,Jorden,Male,524 S Cider                         
3,Fritz,Arabella,Female,14 Pleasant Beacon Arcade           
3,Gaines,Summer,Female,P.O. Box 61868                      
3,Garrett,Jaylene,Female,120 NE Shore                        
3,Gill,Stephen,Male,970 Cozy End Fair                   
3,Goodwin,Elliot,Male,644 Merry Bank                      
3,Hampton,Samson,Male,723 Red Mews                        
3,Hanson,Eleanor,Female,P.O. Box 36613                      
3,Harvey,Shane,Male,8 Quiet Common                      
3,Jarvis,Alexis,Male,P.O. Box 79789                      
3,Kirk,Alma,Female,610 Seventh Glade                   
3,Landry,Jadyn,Male,P.O. Box 26874                      
3,Mason,Gavin,Male,747 Berry Bayoo                     
3,Mata,Valentina,Female,863 Berry Pathway                   
3,Morris,Alvaro,Male,73 Heather Timber                   
3,Munoz,Josephine,Female,P.O. Box 73372                      
3,Nelson,Santino,Male,560 Harvest Anchor Lawn             
3,Riley,Ezequiel,Male,467 Center Valley                   
3,Rollins,Dereon,Male,596 Quail Parkway                   
3,Rollins,Diane,Female,596 Quail Parkway                   
3,Shannon,Trenton,Male,P.O. Box 19943                      
3,Solis,Lexi,Female,73 Field Highway                    
3,Stanley,Zariah,Female,557 E Approach                      
3,Terrell,Joanna,Female,P.O. Box 41244                      
3,Terry,Essence,Female,58 Dusty Path                       
3,Vaughan,Dominic,Male,P.O. Box 31829                      
3,Villa,Natalya,Female,P.O. Box 79189                      
3,Ware,Andreas,Male,558 Gentle Jetty                    
3,Ware,Marianna,Female,558 Gentle Jetty                    
3,Watts,Lena,Female,427 Dusty Horse                     
3,Yu,Alisson,Female,453 S Blossom                       
4,Alvarado,Aiyana,Female,492 Rise Crest                      
4,Anthony,Jaylynn,Female,P.O. Box 34631                      
4,Ayala,Alaina,Female,695 Noble River                     
4,Baird,Issac,Male,743 Merry Wall Swale                
4,Bernard,Skyler,Male,137 Easy Wintergreen                
4,Bernard,Timothy,Male,137 Easy Wintergreen                
4,Bullock,Jadiel,Male,P.O. Box 64926                      
4,Camacho,Hanna,Female,P.O. Box 62941                      
4,Cantrell,Ivan,Male,597 Little Boulevard                
4,Carney,Alan,Male,963 Hickory Causeway                
4,Donovan,Victoria,Female,52 Park Gardens                     
4,Duffy,Mohamed,Male,121 Fort Edge                       
4,Duncan,Gary,Male,604 SE Fort Heights                 
4,Dyer,Tristin,Male,185 Peavey Pike                     
4,Guerra,Jimena,Female,345 Green Wintergreen Pass          
4,Harmon,Messiah,Male,P.O. Box 69218                      
4,Ho,Coleman,Male,P.O. Box 61313                      
4,Hodge,Ryleigh,Female,596 Cotton Estate                   
4,Hogan,Marin,Female,P.O. Box 59855                      
4,Hurley,Deangelo,Male,745 NE Glen                         
4,Huynh,Marissa,Female,457 Blue Parkway                    
4,Keller,Eve,Female,614 Grand Knoll                     
4,Kelly,Gunner,Male,973 Richmond Place                  
4,Mcdaniel,Keira,Female,869 Lazy Place                      
4,Melendez,Shyanne,Female,P.O. Box 41763                      
4,Meyer,Dominik,Male,P.O. Box 60652                      
4,Mills,Cale,Male,891 Cliff Bend                      
4,Montgomery,Zachery,Male,861 Harvest Bear Meadow             
4,Mullen,Adalynn,Female,75 SW Camp                          
4,Mullen,Sam ,Male,75 SW Camp                          
4,Mullins,Kaya,Female,574 Middle Apple                    
4,Newman,Reuben,Male,312 Emerald Hill                    
4,Owens,Kamryn,Female,305 Cotton Manor                    
4,Pierce,Carla,Female,937 SW Camp Parkway                 
4,Pollard,Skyler,Female,259 Misty Spur Run                  
4,Price,Elaine,Female,878 Amber Light Expressway          
4,Rush,Antoine,Male,872 N Wintergreen Haven             
4,Sampson,Jonah,Male,969 Silver Cloud Dell               
4,Sawyer,Malakai,Male,818 Indian Elm Avenue               
4,Soto,Cara,Female,687 Fox Point                       
4,Sparks,Seamus,Male,430 SW Cider Station                
4,Tanner,Annika,Female,927 NW Rest                         
4,Vargas,Willie,Male,985 High Mountain Glade             
4,Wallace,Nicolas,Male,120 Middle Squaw Path               
4,Walsh,Scott,Male,602 Heather Pine                    
4,Wiggins,Kason,Male,815 Fallen Bridge                   
4,Williamson,Darien,Male,176 Middle Squaw                    
4,Woodward,Paula,Female,P.O. Box 19943                      
